account_id,account_name,industry,country,signup_date,referral_source,plan_tier,seats,is_trial,churn_flag
A-2e4581,Zenith Consulting,EdTech,US,2024-10-16,partner,Basic,9,False,False
A-43a9e3,PulseCore Collective,FinTech,IN,2023-08-17,other,Basic,18,False,True
A-0a282f,IronWorks Holdings,DevTools,US,2024-08-27,organic,Basic,1,False,False
A-1f0ac7,IronWorks Analytics,HealthTech,UK,2023-08-27,other,Basic,24,True,False
A-ce550d,UrbanCart Group,HealthTech,US,2024-10-27,event,Enterprise,35,False,True
A-1b9609,EduSphere Technologies,EdTech,IN,2023-10-12,ads,Enterprise,4,False,False
A-a0ca4e,ByteForge Digital,Cybersecurity,US,2024-03-08,ads,Pro,11,False,False
A-e5d6ab,CapitalEdge Solutions,EdTech,US,2023-04-15,partner,Pro,3,False,False
A-7dacce,EduSphere Consulting,Cybersecurity,CA,2024-09-10,event,Enterprise,12,False,True
A-10b8da,UrbanCart Collective,DevTools,US,2023-05-08,partner,Enterprise,14,False,True
A-592832,Apex Solutions,Cybersecurity,US,2024-09-25,organic,Basic,18,False,True
A-d40bf7,BioNova Digital,FinTech,IN,2024-11-08,organic,Basic,59,False,False
A-6c093d,Pioneer Labs,DevTools,US,2023-04-14,partner,Basic,7,True,False
A-462d45,LearnBridge Technologies,Cybersecurity,US,2024-01-15,partner,Enterprise,11,True,False
A-956988,MediCore Digital,EdTech,UK,2024-11-30,ads,Enterprise,1,False,False
A-ac14bb,BlueRiver Holdings,FinTech,US,2023-09-08,partner,Enterprise,21,False,False
A-463db0,SteelBridge Analytics,HealthTech,US,2024-12-05,partner,Basic,15,False,False
A-ce66f8,PrimeForge Global,EdTech,CA,2023-08-23,event,Pro,29,False,False
A-c4ea60,Pioneer Technologies,FinTech,DE,2023-03-09,other,Enterprise,18,False,True
A-832ec2,TradeHub Systems,FinTech,UK,2023-11-19,event,Enterprise,4,True,False
A-684255,PulseCore Digital,FinTech,US,2024-04-14,ads,Enterprise,9,False,False
A-c42f1f,IronWorks Labs,HealthTech,US,2024-07-28,other,Pro,8,False,False
A-4e44e8,MarketSphere Digital,DevTools,US,2024-08-20,ads,Enterprise,3,False,True
A-30b4ca,LearnBridge Systems,EdTech,IN,2024-05-20,organic,Basic,86,False,True
A-9f2731,HealthBridge Holdings,FinTech,IN,2024-10-04,event,Enterprise,1,False,False
A-32fb14,CoreFab Collective,DevTools,US,2023-03-07,event,Enterprise,26,False,True
A-00cac8,NexGen Consulting,HealthTech,AU,2023-09-15,organic,Enterprise,8,True,False
A-35083d,RetailNova Partners,HealthTech,IN,2023-04-28,partner,Basic,19,False,True
A-eb7fac,MediCore Labs,DevTools,US,2023-10-28,organic,Enterprise,7,False,False
A-b20d99,Neural Collective,HealthTech,IN,2023-09-27,other,Basic,20,False,False
A-396e5f,MarketSphere Systems,Cybersecurity,CA,2024-10-02,other,Enterprise,2,False,False
A-45ce7a,CareSphere Systems,FinTech,US,2023-07-23,ads,Enterprise,16,False,False
A-08e34e,UrbanCart Analytics,EdTech,US,2024-06-27,event,Basic,14,False,True
A-8145a0,CareSphere Ventures,Cybersecurity,AU,2023-04-25,partner,Basic,2,True,False
A-bad8c1,Nova Industries,FinTech,AU,2023-03-01,organic,Basic,7,False,False
A-44dc83,ShopCore Consulting,EdTech,FR,2024-05-12,other,Basic,5,False,False
A-f446b6,TradeHub Technologies,DevTools,DE,2023-05-12,ads,Pro,5,True,False
A-a45270,LearnBridge Enterprises,HealthTech,US,2024-06-24,ads,Enterprise,3,False,False
A-854864,SteelBridge Partners,FinTech,IN,2024-12-07,event,Enterprise,20,False,False
A-1b7577,Quantum Global,Cybersecurity,US,2024-10-27,other,Pro,4,False,False
A-05f0e5,Meridian Group,FinTech,US,2023-05-04,partner,Basic,32,False,False
A-9077b0,SteelBridge Technologies,HealthTech,US,2024-08-25,ads,Basic,2,False,False
A-7f8241,Orbit Ventures,EdTech,US,2023-03-14,organic,Pro,34,False,True
A-2bc93d,IronWorks Group,HealthTech,US,2023-03-14,event,Basic,14,False,False
A-f3ff05,CareSphere Consulting,FinTech,IN,2024-07-06,other,Enterprise,2,False,False
A-2d4502,Meridian Digital,FinTech,IN,2024-04-29,event,Basic,7,False,False
A-6a4e2d,ByteForge Industries,EdTech,UK,2023-04-07,partner,Pro,9,False,False
A-eb7c38,MarketSphere Collective,DevTools,AU,2024-02-25,organic,Enterprise,5,False,False
A-c37601,MarketSphere Technologies,EdTech,US,2024-10-31,partner,Basic,6,True,False
A-3b5cd1,UrbanCart Enterprises,FinTech,US,2023-09-12,event,Basic,13,True,False
A-b2225d,SteelBridge Systems,FinTech,US,2024-03-08,ads,Basic,47,False,True
A-94f8c9,CareSphere Technologies,HealthTech,US,2024-03-29,other,Basic,13,False,False
A-02fac6,CoreFab Industries,FinTech,US,2023-04-06,event,Pro,22,False,False
A-c1dfe1,VitalPoint Industries,DevTools,DE,2023-08-07,ads,Pro,26,False,False
A-32728c,BlueRiver Solutions,DevTools,US,2023-01-03,event,Pro,20,False,True
A-4c38bc,CapitalEdge Holdings,HealthTech,UK,2024-03-09,event,Basic,36,False,True
A-1b707d,CoreFab Enterprises,Cybersecurity,US,2023-07-14,organic,Enterprise,1,False,False
A-6f8ad2,VitalPoint Holdings,EdTech,IN,2024-07-09,organic,Basic,1,False,False
A-4d1e75,Orbit Holdings,DevTools,US,2024-08-21,other,Basic,20,False,False
A-9ee962,Titan Holdings,HealthTech,US,2023-02-28,ads,Basic,9,False,True
A-378b99,MarketSphere Analytics,EdTech,UK,2024-09-01,ads,Pro,8,True,False
A-94d3da,Pioneer Collective,HealthTech,US,2023-05-03,other,Basic,41,False,False
A-e351e1,Synapse Ventures,EdTech,US,2024-09-26,other,Enterprise,33,False,False
A-9badbd,PrimeForge Analytics,Cybersecurity,DE,2024-06-19,ads,Enterprise,5,True,False
A-7e0a10,Scholarly Partners,FinTech,US,2023-11-18,ads,Enterprise,46,False,False
A-118d55,BlueRiver Global,Cybersecurity,US,2024-10-22,organic,Basic,8,False,False
A-526d93,Orbit Technologies,HealthTech,FR,2024-04-14,organic,Basic,43,False,False
A-f92792,Titan Group,FinTech,US,2024-07-04,ads,Pro,1,False,False
A-84ebe4,Synapse Consulting,FinTech,US,2023-03-12,ads,Pro,18,True,True
A-5b4ebb,AcademiaPro Analytics,Cybersecurity,UK,2024-07-10,other,Basic,21,True,True
A-2922b6,NexGen Partners,HealthTech,US,2024-11-14,organic,Basic,15,False,False
A-9b9fe9,Stratus Partners,EdTech,AU,2023-09-28,other,Basic,5,False,False
A-a8b49c,Stratus Holdings,Cybersecurity,UK,2023-10-06,partner,Basic,7,False,False
A-9174e0,Pioneer Industries,Cybersecurity,US,2024-12-04,partner,Basic,37,False,False
A-a1bbb6,RetailNova Labs,DevTools,CA,2023-04-05,organic,Basic,1,False,False
A-c45b23,BrightPath Industries,FinTech,UK,2023-12-08,partner,Basic,5,False,False
A-02cd81,IronWorks Ventures,HealthTech,IN,2024-03-28,other,Basic,44,False,False
A-ee42db,Summit Industries,EdTech,DE,2023-04-25,ads,Enterprise,13,False,False
A-432483,CareSphere Collective,Cybersecurity,US,2023-02-06,ads,Pro,4,False,False
A-9208f0,Summit Global,EdTech,US,2023-05-11,organic,Pro,1,False,True
A-98a59a,NorthBridge Collective,FinTech,UK,2023-08-04,partner,Enterprise,56,False,False
A-fe79a5,Quantum Technologies,HealthTech,IN,2024-02-21,ads,Basic,9,True,False
A-726cfa,Synapse Systems,DevTools,US,2023-07-01,partner,Pro,11,False,False
A-c43359,Pioneer Holdings,FinTech,US,2024-11-16,organic,Pro,38,False,False
A-271f46,Stratus Systems,DevTools,US,2023-02-09,event,Pro,38,False,True
A-157070,Apex Global,FinTech,US,2023-11-09,ads,Pro,16,False,False
A-40a557,Nova Holdings,Cybersecurity,AU,2023-12-03,partner,Pro,16,True,False
A-66224b,HealthBridge Partners,HealthTech,US,2024-10-18,other,Pro,92,True,False
A-91e948,LearnBridge Collective,EdTech,AU,2023-01-29,partner,Basic,41,False,False
A-104f1a,Scholarly Technologies,Cybersecurity,US,2024-08-17,other,Pro,24,False,False
A-7988d1,VitalPoint Partners,Cybersecurity,US,2023-12-20,other,Basic,33,False,False
A-faa28c,UrbanCart Industries,HealthTech,US,2024-01-30,organic,Enterprise,48,False,False
A-f25509,IronWorks Technologies,EdTech,US,2024-03-22,other,Enterprise,32,False,False
A-3a7284,Cloud Global,FinTech,US,2024-11-17,organic,Enterprise,31,False,False
A-3a5ad8,EduSphere Collective,HealthTech,US,2023-12-05,organic,Enterprise,9,True,False
A-65a46c,BrightPath Digital,HealthTech,US,2023-11-04,event,Pro,1,False,False
A-8b25f2,Summit Group,Cybersecurity,US,2024-02-17,ads,Pro,6,False,True
A-fabe19,Zenith Global,DevTools,UK,2024-11-11,ads,Enterprise,1,False,False
A-adc1f3,NorthBridge Global,Cybersecurity,US,2024-08-05,organic,Pro,2,False,False
A-503d5a,LearnBridge Industries,FinTech,US,2023-10-21,other,Enterprise,4,False,True
A-fd7ad3,Zenith Digital,Cybersecurity,US,2024-11-01,event,Enterprise,1,False,False
A-186a44,BrightPath Solutions,HealthTech,US,2023-08-07,ads,Enterprise,20,False,False
A-e888d1,Synapse Collective,Cybersecurity,US,2023-03-28,other,Pro,14,False,False
A-69fad4,CoreFab Analytics,FinTech,UK,2023-04-06,ads,Basic,6,False,True
A-9289f6,Titan Systems,EdTech,US,2023-05-31,event,Enterprise,1,False,False
A-f19409,NorthBridge Enterprises,DevTools,US,2023-03-16,other,Basic,23,False,True
A-22f2df,Meridian Industries,DevTools,US,2024-12-14,ads,Basic,3,False,False
A-039727,Apex Digital,EdTech,AU,2024-11-02,organic,Pro,25,False,False
A-2e3bad,NorthBridge Group,FinTech,CA,2023-08-13,other,Pro,61,False,False
A-484819,Stratus Labs,HealthTech,US,2023-02-21,organic,Pro,18,False,False
A-425e76,RetailNova Digital,DevTools,UK,2023-05-17,other,Enterprise,8,False,True
A-e83938,PulseCore Systems,DevTools,UK,2023-11-21,other,Pro,2,True,True
A-ad296b,Summit Labs,DevTools,AU,2024-07-15,event,Pro,38,False,False
A-e51ec7,BrightPath Systems,FinTech,CA,2023-09-23,partner,Enterprise,2,False,False
A-0aaf6e,Meridian Labs,FinTech,US,2024-05-11,organic,Enterprise,3,False,False
A-e61e98,Cloud Collective,FinTech,US,2023-10-20,partner,Enterprise,19,False,True
A-92a333,Quantum Enterprises,FinTech,US,2023-03-24,event,Enterprise,9,False,False
A-95b24a,BlueRiver Industries,FinTech,US,2023-06-06,event,Pro,38,False,True
A-42e5e1,MarketSphere Partners,DevTools,US,2024-07-09,ads,Pro,1,False,True
A-7d514c,Nova Collective,HealthTech,DE,2024-02-03,organic,Enterprise,17,False,False
A-65aeb5,CoreFab Consulting,DevTools,US,2024-01-25,partner,Pro,9,False,False
A-e2cd1b,BioNova Group,DevTools,US,2024-02-04,other,Enterprise,15,False,False
A-180abf,Vertex Industries,DevTools,US,2023-08-14,event,Pro,64,False,True
A-f17767,Meridian Ventures,DevTools,US,2023-01-30,event,Enterprise,1,True,True
A-5a184f,Synapse Solutions,DevTools,DE,2023-06-19,other,Enterprise,1,False,True
A-7df7a7,BioNova Enterprises,DevTools,US,2023-01-28,organic,Basic,7,False,True
A-1ac5e0,Orbit Consulting,DevTools,US,2024-10-20,event,Basic,33,False,True
A-52dd88,BioNova Collective,Cybersecurity,US,2023-02-21,ads,Pro,23,False,False
A-bece89,NorthBridge Ventures,Cybersecurity,IN,2023-12-01,event,Pro,26,False,False
A-029f69,ByteForge Consulting,Cybersecurity,CA,2024-03-07,event,Basic,3,False,False
A-5c046d,Stratus Enterprises,EdTech,FR,2024-07-06,partner,Basic,93,False,False
A-fb186e,BrightPath Ventures,EdTech,IN,2024-10-27,organic,Basic,29,False,False
A-ae052e,SteelBridge Holdings,FinTech,CA,2023-09-11,other,Basic,39,False,False
A-9f9299,PrimeForge Labs,FinTech,US,2023-09-02,organic,Enterprise,28,True,False
A-96e141,EduSphere Enterprises,DevTools,UK,2023-08-12,partner,Basic,14,False,False
A-117171,SteelBridge Consulting,HealthTech,FR,2024-09-12,organic,Basic,45,False,True
A-313be3,IronWorks Global,EdTech,US,2023-11-15,partner,Enterprise,47,True,False
A-671f31,Stratus Analytics,DevTools,US,2024-11-24,ads,Basic,59,False,False
A-bbc346,Scholarly Enterprises,FinTech,US,2024-08-29,partner,Enterprise,19,False,False
A-c16101,VitalPoint Systems,EdTech,IN,2024-09-06,other,Basic,7,False,False
A-50f3f7,BrightPath Labs,HealthTech,US,2023-12-22,partner,Basic,31,False,True
A-7da956,Neural Global,Cybersecurity,US,2024-06-02,event,Pro,13,True,False
A-019782,LearnBridge Digital,DevTools,FR,2023-04-19,event,Enterprise,11,False,False
A-df10db,MarketSphere Solutions,DevTools,US,2023-06-06,other,Enterprise,2,True,False
A-3932db,NorthBridge Industries,HealthTech,CA,2023-10-04,other,Pro,19,True,True
A-4f18f0,TradeHub Digital,DevTools,CA,2024-04-21,other,Pro,24,True,False
A-4c6f11,NexGen Collective,FinTech,CA,2023-11-27,organic,Pro,24,True,True
A-8ae05d,MediCore Industries,FinTech,IN,2024-04-06,other,Enterprise,86,False,False
A-b78bf8,Cloud Holdings,DevTools,US,2024-11-15,event,Pro,33,False,False
A-eafc6e,Sterling Collective,DevTools,US,2023-07-06,partner,Pro,27,False,True
A-37f969,CapitalEdge Systems,HealthTech,IN,2023-10-14,partner,Enterprise,30,False,False
A-10b8f2,BlueRiver Ventures,HealthTech,DE,2023-01-11,organic,Basic,47,True,False
A-439b2f,Sterling Labs,DevTools,US,2024-02-21,ads,Enterprise,1,False,True
A-544d0a,NexGen Labs,DevTools,US,2024-05-02,organic,Basic,2,True,False
A-ba6516,Synapse Technologies,FinTech,US,2023-10-29,ads,Pro,27,False,False
A-712426,Neural Technologies,HealthTech,US,2024-11-10,other,Enterprise,9,False,False
A-038089,BlueRiver Partners,DevTools,FR,2023-12-19,other,Pro,5,False,True
A-afa505,Cloud Technologies,DevTools,US,2023-12-27,partner,Basic,70,True,False
A-d5a319,PrimeForge Ventures,FinTech,US,2023-05-04,other,Enterprise,15,False,True
A-f97b9a,Sterling Holdings,FinTech,US,2023-07-09,event,Pro,16,False,False
A-2f6a32,BioNova Consulting,HealthTech,US,2024-08-26,organic,Basic,19,False,False
A-856b1e,BlueRiver Analytics,FinTech,US,2023-10-31,partner,Basic,19,False,False
A-17939a,Apex Technologies,HealthTech,US,2024-12-26,organic,Basic,1,False,False
A-d27f50,CapitalEdge Consulting,Cybersecurity,UK,2024-07-20,ads,Enterprise,44,False,False
A-e36807,Cloud Group,EdTech,AU,2024-05-17,other,Pro,6,False,False
A-ff79f2,PrimeForge Systems,DevTools,US,2024-04-25,ads,Basic,8,False,True
A-5b1bcd,SteelBridge Collective,DevTools,US,2023-09-16,organic,Pro,73,False,False
A-71615e,LearnBridge Holdings,EdTech,US,2024-05-18,organic,Basic,15,False,False
A-794a0b,MarketSphere Consulting,HealthTech,DE,2023-06-02,organic,Basic,23,False,False
A-86902e,SteelBridge Group,HealthTech,IN,2023-05-02,other,Enterprise,34,False,False
A-0532a9,Titan Labs,FinTech,IN,2024-09-25,event,Pro,19,False,False
A-9779ad,Scholarly Digital,Cybersecurity,AU,2024-03-29,event,Pro,40,True,True
A-f45426,Synapse Labs,HealthTech,US,2024-08-05,organic,Basic,9,False,False
A-c1e51e,VitalPoint Technologies,FinTech,US,2024-10-02,organic,Basic,3,False,False
A-fa3095,BlueRiver Enterprises,FinTech,US,2023-09-03,ads,Basic,70,False,False
A-ad64c6,Meridian Collective,DevTools,UK,2024-02-23,event,Pro,12,False,False
A-39b19f,ShopCore Systems,FinTech,US,2023-02-03,partner,Enterprise,1,False,False
A-56962b,IronWorks Enterprises,EdTech,UK,2024-04-09,partner,Enterprise,163,False,False
A-e60f9d,BioNova Technologies,FinTech,US,2024-08-26,other,Basic,29,False,False
A-88c6ca,AcademiaPro Holdings,FinTech,DE,2024-10-25,ads,Basic,5,False,True
A-158f4e,NorthBridge Consulting,FinTech,IN,2023-03-03,other,Enterprise,61,False,False
A-5b051a,Quantum Analytics,Cybersecurity,US,2024-08-05,event,Enterprise,22,False,False
A-296d7c,Quantum Ventures,DevTools,DE,2023-11-08,other,Enterprise,2,False,False
A-1619f8,MediCore Solutions,DevTools,US,2024-05-20,organic,Pro,29,False,False
A-a1b80b,Meridian Holdings,HealthTech,US,2023-11-27,organic,Basic,16,False,False
A-139c3b,UrbanCart Partners,HealthTech,US,2024-11-21,organic,Enterprise,10,True,True
A-702032,NexGen Digital,HealthTech,US,2023-10-03,ads,Pro,28,False,False
A-7a0d69,CapitalEdge Labs,DevTools,DE,2024-06-15,ads,Enterprise,4,True,True
A-22d9d2,Synapse Holdings,DevTools,FR,2024-03-22,event,Pro,8,False,False
A-b9eed8,Scholarly Global,Cybersecurity,US,2024-02-23,organic,Basic,11,False,False
A-dfbd31,CoreFab Global,DevTools,UK,2023-12-04,partner,Enterprise,14,False,False
A-8e47ca,NexGen Industries,HealthTech,US,2024-02-15,organic,Pro,19,False,False
A-4437e4,PrimeForge Industries,Cybersecurity,US,2023-09-16,event,Enterprise,3,False,False
A-779e4e,UrbanCart Ventures,HealthTech,US,2023-01-02,organic,Basic,5,False,False
A-53f4e3,IronWorks Consulting,Cybersecurity,UK,2024-06-14,event,Enterprise,13,False,False
A-692f18,Nova Consulting,EdTech,US,2024-03-28,other,Basic,5,True,True
A-13466a,Scholarly Solutions,DevTools,AU,2023-10-22,event,Basic,2,False,True
A-1986ca,PrimeForge Digital,HealthTech,IN,2023-01-30,ads,Pro,20,False,False
A-0cc442,UrbanCart Holdings,EdTech,US,2024-07-18,organic,Basic,45,False,False
A-c608c8,Quantum Holdings,DevTools,DE,2023-04-27,ads,Pro,3,False,True
A-3be56b,Nova Ventures,HealthTech,IN,2023-10-26,event,Pro,3,False,True
A-354f12,AcademiaPro Industries,FinTech,US,2024-04-28,ads,Pro,1,True,False
A-68f37c,ByteForge Labs,HealthTech,US,2023-07-15,ads,Basic,4,False,False
A-aa9511,EduSphere Partners,DevTools,US,2023-10-10,other,Pro,23,True,False
A-af0cd2,Scholarly Holdings,Cybersecurity,IN,2023-01-03,other,Enterprise,19,True,False
A-bd4513,Sterling Industries,DevTools,AU,2024-11-06,event,Enterprise,50,True,False
A-c222ab,Zenith Partners,Cybersecurity,US,2024-05-10,other,Pro,32,False,True
A-34d880,Neural Enterprises,Cybersecurity,AU,2024-04-11,ads,Enterprise,4,False,False
A-508199,Orbit Industries,FinTech,AU,2024-01-28,event,Basic,19,False,False
A-f03140,BlueRiver Group,DevTools,IN,2023-11-22,event,Pro,27,True,False
A-410e86,Neural Holdings,FinTech,US,2024-11-10,organic,Basic,24,False,False
A-fa2041,Sterling Analytics,HealthTech,US,2024-05-29,organic,Pro,15,True,False
A-de58ca,CareSphere Labs,HealthTech,DE,2023-04-13,organic,Enterprise,15,False,False
A-05d3b3,Cloud Partners,DevTools,AU,2023-05-28,ads,Basic,9,True,False
A-249769,Vertex Partners,Cybersecurity,US,2024-04-25,event,Enterprise,4,False,True
A-e43bf7,Zenith Labs,Cybersecurity,AU,2023-03-24,other,Pro,44,False,False
A-eb2fdc,BlueRiver Digital,DevTools,AU,2023-11-21,organic,Enterprise,31,False,True
A-e1462e,RetailNova Consulting,FinTech,UK,2023-03-12,partner,Basic,15,False,False
A-cab532,HealthBridge Industries,DevTools,FR,2023-04-03,organic,Pro,11,True,False
A-9123ac,CareSphere Enterprises,Cybersecurity,DE,2023-06-20,organic,Pro,9,False,False
A-6e08f3,VitalPoint Global,Cybersecurity,US,2023-02-27,event,Basic,8,False,False
A-d922bf,Quantum Consulting,HealthTech,US,2023-09-08,ads,Basic,5,True,True
A-8ed5dd,ShopCore Global,EdTech,UK,2023-06-29,event,Enterprise,5,False,True
A-7c6b6b,Orbit Systems,FinTech,US,2024-11-30,other,Basic,6,False,False
A-3c1a3f,Meridian Global,DevTools,UK,2023-08-26,event,Pro,1,False,False
A-b48f73,Summit Collective,EdTech,AU,2024-11-13,event,Pro,80,True,False
A-76fa4d,NorthBridge Labs,HealthTech,US,2024-11-24,event,Pro,69,False,False
A-b2af2e,Nova Solutions,Cybersecurity,UK,2024-08-24,event,Enterprise,5,False,False
A-9bfc9f,ShopCore Analytics,DevTools,CA,2023-09-14,ads,Pro,53,False,False
A-4ae22a,Zenith Enterprises,EdTech,US,2024-05-09,other,Pro,6,False,True
A-fda07f,Scholarly Industries,Cybersecurity,FR,2024-08-11,partner,Basic,7,False,False
A-de24d5,Sterling Global,DevTools,US,2024-11-05,other,Enterprise,5,True,False
A-977ca0,Orbit Solutions,HealthTech,IN,2023-02-20,partner,Basic,6,False,True
A-ab438f,BlueRiver Technologies,Cybersecurity,US,2024-09-13,ads,Enterprise,13,False,True
A-e89151,Meridian Analytics,FinTech,UK,2023-09-14,organic,Pro,8,True,True
A-40906c,CapitalEdge Group,EdTech,US,2024-03-27,ads,Basic,92,False,False
A-81edc3,Titan Technologies,Cybersecurity,IN,2023-10-30,ads,Basic,5,False,False
A-328bd0,CoreFab Ventures,HealthTech,AU,2023-05-16,partner,Enterprise,18,False,False
A-b3fe05,Cloud Industries,Cybersecurity,CA,2024-05-28,partner,Pro,8,False,False
A-09540c,Stratus Consulting,Cybersecurity,CA,2023-10-30,event,Basic,67,True,False
A-e693b6,Cloud Solutions,FinTech,AU,2023-05-25,event,Enterprise,55,False,True
A-2446e3,CoreFab Solutions,EdTech,IN,2024-01-10,organic,Pro,27,False,False
A-241e75,Quantum Solutions,EdTech,US,2024-07-03,partner,Enterprise,3,False,False
A-922109,NexGen Holdings,Cybersecurity,US,2024-01-26,ads,Pro,3,False,False
A-ff3c73,PulseCore Global,HealthTech,AU,2023-01-26,other,Pro,21,False,False
A-8b0451,Pioneer Global,FinTech,UK,2024-09-16,event,Enterprise,41,False,False
A-331424,Vertex Group,DevTools,US,2023-11-06,organic,Basic,11,False,False
A-51ec1b,BioNova Global,DevTools,US,2023-11-08,ads,Enterprise,7,False,False
A-bcf664,ByteForge Partners,DevTools,US,2023-05-19,other,Pro,5,False,False
A-90a8c8,SteelBridge Industries,FinTech,AU,2024-08-24,organic,Pro,15,False,False
A-86cdb4,Meridian Solutions,DevTools,DE,2024-09-22,partner,Basic,2,False,False
A-4bfa33,Quantum Group,Cybersecurity,US,2024-12-07,event,Basic,8,True,False
A-dbc825,Scholarly Ventures,EdTech,FR,2024-01-07,partner,Enterprise,19,False,False
A-c70870,Meridian Partners,Cybersecurity,US,2024-10-22,partner,Basic,31,False,False
A-7c4956,Pioneer Solutions,DevTools,US,2023-05-06,ads,Enterprise,5,False,True
A-0651a4,SteelBridge Global,HealthTech,FR,2024-10-16,organic,Pro,16,False,False
A-3ce5b8,Nova Analytics,FinTech,IN,2023-09-07,ads,Basic,8,False,True
A-bd4708,Vertex Enterprises,FinTech,US,2024-07-21,ads,Pro,37,True,False
A-993085,BioNova Ventures,HealthTech,US,2023-06-01,ads,Basic,31,True,False
A-92a3af,Zenith Technologies,Cybersecurity,IN,2024-07-07,organic,Enterprise,25,False,False
A-151c9a,Sterling Group,FinTech,US,2023-01-27,ads,Enterprise,23,False,False
A-474ad4,TradeHub Industries,EdTech,US,2023-11-28,organic,Basic,8,False,False
A-4ef964,Summit Enterprises,HealthTech,US,2024-03-07,organic,Pro,17,False,False
A-fd9422,UrbanCart Solutions,Cybersecurity,US,2024-04-04,organic,Pro,58,False,False
A-0baac2,IronWorks Solutions,FinTech,DE,2024-05-30,organic,Enterprise,14,False,True
A-bb1486,VitalPoint Analytics,HealthTech,US,2024-11-05,organic,Basic,41,False,False
A-560d27,Stratus Industries,DevTools,US,2024-05-05,organic,Pro,23,False,False
A-0b0d6d,ByteForge Ventures,DevTools,US,2024-12-30,organic,Pro,3,False,False
A-2789e3,Sterling Consulting,FinTech,US,2024-09-14,partner,Enterprise,11,False,False
A-b07346,BioNova Industries,HealthTech,US,2024-10-10,partner,Pro,51,False,True
A-902ef7,Zenith Industries,HealthTech,US,2024-09-03,other,Enterprise,83,False,True
A-20736a,HealthBridge Digital,EdTech,IN,2024-03-16,organic,Enterprise,50,False,False
A-e4bf56,Quantum Labs,HealthTech,IN,2024-10-28,ads,Pro,17,False,True
A-cea1f0,EduSphere Systems,FinTech,US,2024-04-07,event,Pro,8,False,True
A-ef84cf,Titan Digital,EdTech,US,2024-03-01,partner,Enterprise,8,False,False
A-d49cc5,RetailNova Global,Cybersecurity,FR,2023-09-19,event,Basic,50,False,False
A-67be94,ByteForge Technologies,EdTech,US,2023-04-04,organic,Enterprise,26,False,False
A-4e960a,EduSphere Group,FinTech,US,2024-01-17,other,Enterprise,12,True,True
A-c37cab,CoreFab Partners,Cybersecurity,UK,2024-07-29,event,Pro,13,False,False
A-533452,PulseCore Solutions,DevTools,AU,2024-11-12,organic,Pro,9,False,False
A-443b7c,Vertex Consulting,Cybersecurity,US,2024-09-06,other,Enterprise,1,False,True
A-1f7acb,Scholarly Systems,FinTech,UK,2023-08-06,ads,Basic,64,True,False
A-f51f16,VitalPoint Group,HealthTech,US,2023-12-25,partner,Enterprise,1,False,False
A-5a3eb9,BrightPath Holdings,DevTools,CA,2023-08-20,other,Enterprise,18,True,False
A-5f2961,NexGen Group,HealthTech,US,2024-11-22,partner,Basic,4,False,False
A-417d2f,BioNova Solutions,Cybersecurity,IN,2023-07-04,partner,Pro,4,True,False
A-e98302,CareSphere Analytics,EdTech,US,2023-12-26,ads,Enterprise,16,True,False
A-8bde0c,MarketSphere Group,DevTools,US,2024-11-04,organic,Basic,12,False,False
A-bcf87c,TradeHub Consulting,FinTech,US,2024-06-27,event,Pro,10,False,True
A-54ecc2,Sterling Digital,Cybersecurity,US,2023-06-11,partner,Enterprise,4,False,False
A-625d0b,TradeHub Solutions,EdTech,AU,2024-09-02,ads,Basic,9,False,False
A-fce879,HealthBridge Enterprises,EdTech,UK,2024-09-24,partner,Pro,10,True,True
A-b07b56,IronWorks Systems,DevTools,US,2024-11-08,event,Pro,25,False,True
A-6da850,Synapse Global,FinTech,IN,2023-10-07,organic,Pro,5,False,False
A-342303,Sterling Systems,EdTech,US,2024-03-16,other,Pro,1,True,False
A-e7a1e2,RetailNova Systems,Cybersecurity,US,2024-06-23,event,Enterprise,3,False,False
A-f1f639,Orbit Analytics,EdTech,US,2023-02-26,ads,Basic,2,False,False
A-a865bd,CareSphere Partners,Cybersecurity,US,2023-09-19,organic,Pro,38,False,False
A-4e631b,Pioneer Group,FinTech,US,2024-03-16,other,Enterprise,22,False,False
A-7f6b86,SteelBridge Enterprises,HealthTech,US,2023-08-24,partner,Basic,45,True,True
A-8adedc,AcademiaPro Group,EdTech,US,2024-02-11,event,Basic,4,True,True
A-2edab2,BrightPath Enterprises,HealthTech,US,2023-11-17,event,Enterprise,17,False,False
A-149a69,PrimeForge Collective,DevTools,US,2024-10-17,event,Basic,34,False,False
A-a6d261,Summit Analytics,FinTech,CA,2023-11-29,other,Pro,9,False,False
A-443f6f,BrightPath Global,Cybersecurity,US,2024-12-07,organic,Basic,19,False,False
A-202b67,BlueRiver Collective,HealthTech,US,2024-03-22,organic,Pro,11,False,False
A-00bed1,LearnBridge Global,Cybersecurity,US,2023-11-14,ads,Basic,28,True,False
A-ffc04f,Pioneer Ventures,EdTech,US,2024-06-06,ads,Pro,13,False,False
A-65c341,Summit Digital,FinTech,US,2023-12-26,ads,Pro,11,True,False
A-dcc2f0,TradeHub Collective,FinTech,UK,2023-07-22,organic,Basic,15,False,False
A-ced9aa,CareSphere Global,DevTools,US,2024-10-05,other,Enterprise,3,False,False
A-3d957b,ShopCore Technologies,HealthTech,UK,2024-04-04,other,Pro,14,False,False
A-89ee83,TradeHub Global,Cybersecurity,US,2024-10-04,organic,Pro,1,False,True
A-883b7d,Orbit Digital,Cybersecurity,IN,2024-03-28,other,Basic,17,False,False
A-dcc3f1,Zenith Ventures,HealthTech,US,2023-12-27,event,Pro,21,False,False
A-c62e55,Neural Solutions,EdTech,US,2023-02-08,partner,Basic,1,True,False
A-e4144b,Nova Enterprises,EdTech,UK,2024-10-22,other,Pro,41,False,False
A-e40f45,TradeHub Ventures,HealthTech,US,2024-04-18,organic,Pro,21,False,False
A-96215d,PulseCore Ventures,FinTech,US,2024-08-08,event,Enterprise,10,False,False
A-2b9d3e,RetailNova Holdings,EdTech,US,2023-06-04,partner,Enterprise,1,False,False
A-b7724f,CoreFab Systems,HealthTech,UK,2023-03-28,organic,Basic,1,False,False
A-310452,MediCore Systems,DevTools,FR,2024-12-25,other,Enterprise,9,False,False
A-eb1312,Vertex Holdings,FinTech,US,2024-09-16,partner,Pro,25,False,False
A-df1e44,RetailNova Group,Cybersecurity,UK,2024-02-23,organic,Enterprise,12,False,False
A-6a7c9d,MediCore Consulting,Cybersecurity,US,2024-10-24,organic,Enterprise,26,False,True
A-cbd1a3,ShopCore Industries,DevTools,US,2024-11-25,other,Basic,6,False,True
A-a8d89d,Apex Group,EdTech,US,2023-12-08,ads,Pro,13,False,False
A-600734,Stratus Ventures,DevTools,US,2023-11-14,organic,Pro,29,True,True
A-86fc1d,Pioneer Consulting,DevTools,UK,2024-07-26,partner,Basic,26,False,False
A-78f02b,MediCore Analytics,HealthTech,US,2024-11-17,event,Enterprise,11,False,False
A-acb7f7,EduSphere Solutions,EdTech,US,2024-01-06,ads,Basic,32,False,False
A-712f1c,TradeHub Labs,DevTools,US,2023-12-16,ads,Basic,17,False,True
A-3793ee,Apex Holdings,Cybersecurity,CA,2023-03-21,organic,Enterprise,49,True,False
A-9a532a,Stratus Solutions,HealthTech,US,2024-07-06,partner,Enterprise,11,False,False
A-2ebb4b,Neural Digital,HealthTech,US,2023-05-15,ads,Basic,41,False,False
A-6843f2,Scholarly Collective,HealthTech,CA,2024-12-10,ads,Enterprise,21,False,False
A-c9bb3e,Summit Consulting,EdTech,US,2024-03-24,ads,Pro,5,False,False
A-4814a3,Vertex Systems,Cybersecurity,IN,2024-09-17,event,Basic,87,False,True
A-b7b7b7,Neural Labs,FinTech,US,2024-06-30,event,Basic,24,False,True
A-ccc747,RetailNova Technologies,HealthTech,FR,2024-01-12,event,Pro,16,False,True
A-bb3bd4,RetailNova Analytics,HealthTech,US,2024-01-27,ads,Basic,23,False,False
A-09316c,NexGen Ventures,FinTech,AU,2024-09-11,organic,Enterprise,70,False,False
A-96bbc6,EduSphere Ventures,Cybersecurity,US,2024-05-07,organic,Enterprise,39,False,False
A-bc4d48,CapitalEdge Technologies,EdTech,US,2024-06-12,ads,Pro,35,True,False
A-b30291,PrimeForge Consulting,HealthTech,US,2024-04-05,event,Basic,5,True,True
A-cdf020,BlueRiver Systems,DevTools,AU,2023-08-16,organic,Pro,23,False,False
A-e6afc1,Stratus Collective,DevTools,US,2023-02-24,ads,Pro,1,False,False
A-e3bd71,CoreFab Group,Cybersecurity,US,2023-03-25,partner,Basic,31,False,False
A-b179bf,Neural Analytics,Cybersecurity,IN,2024-10-27,ads,Basic,43,False,False
A-098560,Neural Group,DevTools,UK,2023-10-21,ads,Enterprise,1,False,True
A-82861f,Apex Enterprises,DevTools,UK,2024-04-25,organic,Basic,41,False,False
A-94c3cd,Summit Ventures,FinTech,CA,2023-09-20,other,Enterprise,32,False,False
A-a33200,TradeHub Partners,HealthTech,US,2024-09-15,partner,Basic,29,False,False
A-034368,ByteForge Analytics,EdTech,US,2023-11-05,event,Enterprise,19,False,False
A-b54c01,CareSphere Solutions,DevTools,US,2024-09-29,event,Enterprise,29,False,False
A-d82ef9,VitalPoint Digital,EdTech,UK,2024-07-02,other,Basic,26,False,True
A-bb2f49,VitalPoint Enterprises,Cybersecurity,US,2023-05-28,other,Pro,8,False,False
A-1f559b,AcademiaPro Digital,HealthTech,US,2023-09-04,organic,Enterprise,5,True,True
A-5a215a,PrimeForge Partners,EdTech,FR,2024-01-05,other,Enterprise,87,False,False
A-3f9cc0,Synapse Analytics,HealthTech,US,2024-06-03,event,Basic,22,False,False
A-f9cc74,CoreFab Digital,DevTools,FR,2024-10-12,partner,Enterprise,30,True,False
A-ed510f,RetailNova Industries,Cybersecurity,IN,2023-01-17,partner,Basic,42,False,False
A-5c9849,AcademiaPro Global,EdTech,IN,2024-11-03,partner,Basic,19,False,False
A-a7bd4b,ByteForge Systems,Cybersecurity,US,2023-02-15,ads,Enterprise,5,False,False
A-d4ac0e,BioNova Holdings,DevTools,UK,2024-04-20,ads,Basic,18,False,False
A-ffdfd5,PrimeForge Enterprises,EdTech,US,2024-04-13,organic,Basic,3,False,True
A-0dbdc6,NorthBridge Analytics,Cybersecurity,DE,2023-02-12,other,Pro,30,False,True
A-7cfe77,Quantum Systems,DevTools,US,2024-07-10,ads,Pro,69,False,False
A-1f0636,Vertex Analytics,EdTech,AU,2024-01-01,partner,Pro,105,False,False
A-40de06,Titan Solutions,Cybersecurity,US,2023-05-08,event,Enterprise,28,False,True
A-cb5333,PulseCore Group,DevTools,US,2024-03-26,ads,Pro,33,False,False
A-309e54,AcademiaPro Ventures,DevTools,US,2024-12-09,other,Pro,15,False,False
A-6e7827,ShopCore Solutions,DevTools,US,2023-03-26,other,Basic,1,False,False
A-50bb9f,Vertex Global,Cybersecurity,US,2024-07-12,organic,Pro,2,False,False
A-5fe118,Nova Group,Cybersecurity,US,2024-11-07,other,Enterprise,39,False,False
A-5247b3,Scholarly Group,FinTech,UK,2024-03-12,partner,Pro,16,True,False
A-f44180,Zenith Collective,Cybersecurity,UK,2023-02-13,event,Pro,9,False,False
A-c16cf7,Synapse Industries,EdTech,US,2024-10-16,event,Pro,13,True,False
A-d42431,EduSphere Digital,FinTech,FR,2024-06-09,ads,Enterprise,22,True,False
A-6965e1,UrbanCart Systems,DevTools,US,2024-11-25,organic,Basic,13,False,False
A-0354fe,Nova Digital,Cybersecurity,US,2024-10-22,other,Basic,34,False,False
A-0a62f5,NorthBridge Holdings,FinTech,UK,2024-09-11,partner,Pro,16,False,False
A-f5641b,LearnBridge Solutions,EdTech,US,2024-03-30,other,Pro,31,False,False
A-b44e3e,Synapse Digital,Cybersecurity,UK,2024-02-12,ads,Basic,40,False,False
A-3b37d9,AcademiaPro Technologies,FinTech,US,2023-01-27,event,Enterprise,23,False,False
A-54d94a,Cloud Systems,Cybersecurity,IN,2023-05-01,event,Basic,27,False,False
A-7f29a7,MediCore Global,Cybersecurity,UK,2024-09-18,event,Basic,41,True,False
A-089363,BioNova Partners,FinTech,AU,2023-05-06,event,Basic,2,False,False
A-524364,Zenith Group,DevTools,FR,2024-12-31,partner,Enterprise,3,False,False
A-855a48,SteelBridge Solutions,EdTech,US,2023-12-22,partner,Pro,14,True,False
A-756192,Zenith Solutions,FinTech,IN,2023-06-11,other,Basic,19,False,False
A-49b828,RetailNova Ventures,FinTech,IN,2023-05-05,ads,Pro,6,False,False
A-c7ffc2,Scholarly Labs,Cybersecurity,US,2023-01-27,partner,Pro,30,True,False
A-751c58,NexGen Technologies,FinTech,UK,2024-07-18,organic,Basic,15,False,False
A-72799b,ShopCore Labs,DevTools,FR,2023-11-13,event,Enterprise,20,False,True
A-812c5b,Apex Industries,DevTools,CA,2024-02-25,organic,Basic,55,False,True
A-69b156,TradeHub Holdings,EdTech,US,2023-11-21,other,Pro,7,False,True
A-075038,Pioneer Systems,HealthTech,UK,2023-05-12,ads,Basic,17,False,False
A-940b8b,LearnBridge Ventures,HealthTech,DE,2024-03-19,organic,Basic,1,False,False
A-2d1036,IronWorks Collective,FinTech,US,2024-06-14,ads,Pro,69,False,True
A-0f6450,Synapse Group,FinTech,US,2024-12-27,other,Pro,28,True,True
A-9affe6,LearnBridge Analytics,Cybersecurity,US,2023-03-22,other,Pro,7,False,False
A-80eeb6,UrbanCart Digital,Cybersecurity,UK,2023-05-09,organic,Enterprise,22,False,False
A-d4e0d4,EduSphere Industries,FinTech,US,2024-10-18,other,Basic,117,False,False
A-c7e58b,Meridian Technologies,HealthTech,IN,2023-06-25,other,Pro,3,False,False
A-016043,Orbit Partners,EdTech,CA,2024-07-31,organic,Basic,4,True,False
A-bbe56f,PulseCore Industries,HealthTech,US,2023-02-16,ads,Enterprise,21,False,False
A-7c5768,CareSphere Group,HealthTech,UK,2024-03-02,event,Enterprise,3,False,False
A-751bd4,RetailNova Enterprises,Cybersecurity,UK,2024-07-12,partner,Pro,10,False,False
A-4e0e85,Cloud Labs,DevTools,US,2023-09-08,organic,Enterprise,6,False,False
A-ad3abd,Cloud Analytics,FinTech,US,2023-03-03,event,Pro,44,False,False
A-e19ff6,PrimeForge Solutions,Cybersecurity,UK,2023-07-28,partner,Enterprise,1,False,False
A-7920cc,HealthBridge Solutions,Cybersecurity,FR,2023-11-23,ads,Pro,39,False,False
A-5a92e7,Pioneer Analytics,HealthTech,US,2024-06-11,ads,Pro,4,False,False
A-fdfc91,Vertex Labs,Cybersecurity,US,2023-05-06,ads,Basic,29,False,False
A-1e50e0,CareSphere Holdings,Cybersecurity,DE,2023-02-21,other,Pro,19,True,True
A-1e1b80,ShopCore Collective,FinTech,CA,2023-09-12,other,Enterprise,50,False,False
A-659280,Vertex Ventures,FinTech,IN,2023-11-17,event,Enterprise,13,True,True
A-f6b2fb,Vertex Digital,DevTools,AU,2024-04-23,event,Basic,23,False,False
A-cb6cc6,VitalPoint Labs,DevTools,US,2023-04-03,ads,Basic,13,True,False
A-d62e02,ByteForge Group,Cybersecurity,US,2024-08-20,partner,Pro,6,False,False
A-d535f6,Quantum Collective,DevTools,US,2024-09-03,organic,Basic,12,True,True
A-39868b,ByteForge Solutions,FinTech,AU,2024-03-17,partner,Pro,9,False,False
A-3cc791,Sterling Enterprises,EdTech,US,2024-01-10,other,Enterprise,6,False,False
A-337bc1,CoreFab Holdings,Cybersecurity,US,2023-07-19,organic,Pro,30,True,False
A-58b9ff,Scholarly Analytics,DevTools,IN,2024-05-31,partner,Enterprise,2,False,False
A-bf7919,BrightPath Consulting,HealthTech,US,2024-11-27,organic,Pro,3,False,False
A-1d5444,Nova Partners,Cybersecurity,US,2024-01-18,partner,Basic,24,False,True
A-0f3e88,Zenith Holdings,HealthTech,US,2023-07-23,other,Basic,7,False,True
A-7641d3,NorthBridge Technologies,EdTech,US,2023-02-16,partner,Pro,8,True,True
A-cd458b,UrbanCart Global,DevTools,US,2024-06-15,other,Basic,10,True,False
A-c16b88,Nova Technologies,HealthTech,US,2023-12-02,event,Enterprise,23,False,False
A-59f724,AcademiaPro Solutions,HealthTech,US,2023-11-03,other,Enterprise,3,True,False
A-87aa7b,PrimeForge Holdings,HealthTech,US,2024-05-16,organic,Pro,24,True,False
A-1e6fc3,Zenith Analytics,EdTech,FR,2023-12-06,other,Pro,1,False,False
A-39ddf4,Orbit Enterprises,EdTech,US,2024-12-05,partner,Enterprise,40,False,False
A-34ea2f,BrightPath Technologies,HealthTech,US,2024-08-15,organic,Enterprise,8,False,True
A-716841,BlueRiver Consulting,FinTech,US,2024-05-06,other,Pro,45,False,False
A-558c72,LearnBridge Partners,FinTech,US,2023-06-01,organic,Basic,12,False,False
A-b11cd0,Apex Consulting,DevTools,US,2023-01-20,ads,Pro,26,True,True
A-cc1d8d,UrbanCart Consulting,FinTech,US,2024-12-08,other,Pro,5,False,False
A-7f4db3,BrightPath Analytics,FinTech,US,2023-03-05,other,Pro,4,False,False
A-db5e9e,MarketSphere Industries,DevTools,US,2024-11-09,partner,Basic,4,False,False
A-cc102e,IronWorks Digital,HealthTech,US,2024-04-15,partner,Enterprise,13,False,False
A-82d8a6,Sterling Solutions,Cybersecurity,UK,2024-11-28,ads,Basic,5,False,False
A-dec005,MarketSphere Labs,HealthTech,US,2023-10-13,partner,Pro,21,False,False
A-5790f4,SteelBridge Digital,FinTech,UK,2024-12-22,event,Pro,1,True,False
A-7c83a1,Neural Partners,Cybersecurity,US,2024-05-06,partner,Pro,12,False,False
A-297a2d,BioNova Analytics,HealthTech,UK,2023-05-05,event,Pro,27,False,False
A-4c56c9,Apex Systems,FinTech,US,2023-12-20,partner,Enterprise,9,False,True
A-cbbe12,PrimeForge Technologies,Cybersecurity,DE,2023-03-22,partner,Enterprise,40,False,False
A-4a267b,BioNova Systems,FinTech,US,2024-05-05,other,Pro,25,False,False
A-bcbe98,Scholarly Consulting,Cybersecurity,US,2024-07-29,other,Enterprise,46,False,False
A-427b69,ShopCore Holdings,FinTech,US,2024-08-23,other,Basic,17,False,False
A-0be015,SteelBridge Ventures,FinTech,US,2024-10-15,event,Pro,19,False,False
A-054577,EduSphere Global,EdTech,UK,2024-04-28,ads,Basic,2,False,False
A-bc87bc,Nova Systems,FinTech,US,2024-07-17,event,Pro,3,False,False
A-0f7d77,MediCore Enterprises,FinTech,IN,2024-10-28,partner,Pro,3,False,False
A-e7beab,Stratus Technologies,EdTech,DE,2023-10-20,organic,Enterprise,5,False,False
A-a09355,CapitalEdge Industries,FinTech,US,2024-08-10,organic,Basic,14,False,False
A-31ab9a,Sterling Technologies,FinTech,DE,2024-03-03,organic,Pro,3,False,False
A-0158bb,Zenith Systems,FinTech,DE,2024-05-22,partner,Basic,5,False,False
A-f19b24,NorthBridge Partners,Cybersecurity,US,2023-01-10,organic,Pro,29,True,False
A-798a3f,MarketSphere Ventures,DevTools,FR,2023-10-19,other,Enterprise,12,False,True
A-42b791,PrimeForge Group,FinTech,AU,2024-05-20,event,Pro,3,False,False
A-068fc6,Meridian Systems,EdTech,US,2023-07-17,event,Enterprise,35,False,False
A-6f50ae,Titan Partners,FinTech,US,2023-09-21,partner,Pro,19,False,True
A-a2485e,AcademiaPro Consulting,FinTech,US,2024-08-04,event,Pro,3,True,False
A-bb1eaa,BrightPath Group,Cybersecurity,US,2024-06-11,organic,Basic,21,False,False
A-cc98bc,TradeHub Analytics,DevTools,US,2023-05-24,ads,Basic,32,False,False
A-d77f4c,Neural Ventures,DevTools,US,2023-09-25,partner,Pro,4,True,False
A-ccabf0,ShopCore Partners,HealthTech,IN,2023-11-06,organic,Pro,1,False,False
A-700ade,LearnBridge Labs,Cybersecurity,UK,2024-10-31,organic,Enterprise,1,True,False
A-4a4c2d,Nova Labs,DevTools,US,2023-05-02,event,Enterprise,54,False,False
A-b7ef83,LearnBridge Consulting,Cybersecurity,UK,2024-05-29,partner,Pro,1,True,False
A-e08cd3,HealthBridge Ventures,FinTech,US,2024-09-21,ads,Pro,67,True,False
A-19b2c8,ByteForge Holdings,DevTools,IN,2023-06-06,other,Pro,20,False,False
A-970c97,Stratus Global,HealthTech,DE,2024-03-01,other,Enterprise,14,False,False
A-6dee43,MediCore Collective,FinTech,UK,2023-08-12,other,Basic,3,True,False
A-5ed98d,LearnBridge Group,DevTools,US,2024-06-22,partner,Basic,24,False,False
A-c58f49,Summit Technologies,EdTech,US,2024-07-31,other,Enterprise,70,True,False
A-9c18c4,Summit Solutions,HealthTech,US,2023-07-27,ads,Pro,11,False,True
A-cc8c8f,AcademiaPro Collective,DevTools,US,2024-06-16,ads,Enterprise,23,False,False
A-5f7781,UrbanCart Labs,DevTools,US,2024-08-20,other,Pro,22,False,False
A-e1b9cd,AcademiaPro Partners,DevTools,US,2023-02-26,event,Pro,40,False,True
A-ac85cd,NexGen Solutions,EdTech,US,2024-07-31,partner,Enterprise,53,False,False
A-d792a6,AcademiaPro Labs,DevTools,US,2023-01-23,organic,Enterprise,4,False,False
A-ac9111,Pioneer Enterprises,HealthTech,US,2023-08-12,event,Pro,21,True,False
A-18793f,MarketSphere Global,EdTech,US,2024-12-18,organic,Basic,148,True,False
A-9f0b68,Orbit Group,EdTech,US,2024-04-28,ads,Basic,10,False,False
A-d3c88e,Neural Consulting,DevTools,US,2024-10-18,event,Pro,16,False,False
A-ccb686,SteelBridge Labs,DevTools,US,2024-01-22,other,Basic,10,False,False
A-118f1c,Quantum Partners,Cybersecurity,US,2024-10-31,other,Pro,32,False,False
A-0e966d,Titan Consulting,FinTech,IN,2024-06-25,ads,Basic,11,False,True
A-b9f5b1,Pioneer Digital,Cybersecurity,US,2023-01-24,other,Pro,15,True,False
A-8ae3fc,CareSphere Industries,DevTools,CA,2024-06-28,ads,Pro,9,False,False
A-55f257,BioNova Labs,FinTech,US,2023-12-21,organic,Basic,9,False,False
A-d26ab4,Cloud Digital,DevTools,UK,2024-11-07,organic,Basic,9,False,True
A-712533,Synapse Enterprises,EdTech,US,2023-07-31,organic,Pro,18,False,False
A-781cc0,BlueRiver Labs,EdTech,US,2024-09-04,organic,Pro,12,False,False
